review_id,customer_id,product_id,rating,review_text,review_date
1,1,321,1,Customer 1 reviewed product Pet Travel Litter Box with a rating of 1,
2,32,142,4,Customer 32 reviewed product 4K Streaming Device with a rating of 1,
3,79,98,4,Customer 79 reviewed product Water Bottle with a rating of 3,
4,9,311,4,Customer 9 reviewed product Pet Travel Bowl with a rating of 2,
5,96,56,2,Customer 96 reviewed product Necklace with a rating of 4,
6,41,87,4,Customer 41 reviewed product Camping Gear with a rating of 4,
7,3,245,5,Customer 3 reviewed product Indoor Plant with a rating of 2,
8,8,152,3,Customer 8 reviewed product Yoga Block with a rating of 5,
9,88,217,4,Customer 88 reviewed product Bird Bath with a rating of 5,
10,1,73,3,Customer 1 reviewed product Reptile Habitat with a rating of 4,
11,17,92,3,Customer 17 reviewed product Boxing Gloves with a rating of 4,
12,4,104,2,Customer 4 reviewed product Snorkeling Gear with a rating of 5,
13,133,301,4,Customer 133 reviewed product Cat Treats with a rating of 4,
14,73,88,1,Customer 73 reviewed product Hiking Boots with a rating of 4,
15,11,264,4,Customer 11 reviewed product Pet Toys with a rating of 5,
16,130,171,3,Customer 130 reviewed product Baking Set with a rating of 1,
17,76,32,2,Customer 76 reviewed product Vacuum Cleaner with a rating of 1,
18,50,115,4,Customer 50 reviewed product Soil Bags with a rating of 4,
19,1,62,4,Customer 1 reviewed product High Chair with a rating of 3,
20,1,90,4,Customer 1 reviewed product Golf Clubs with a rating of 4,
21,106,222,2,Customer 106 reviewed product Compost Bin with a rating of 4,
22,44,135,5,Customer 44 reviewed product Smart Light Bulb with a rating of 1,
23,95,250,1,Customer 95 reviewed product Bookends with a rating of 2,
24,140,111,5,Customer 140 reviewed product Fertilizer with a rating of 5,
25,19,143,3,Customer 19 reviewed product Home Theater System with a rating of 2,
26,73,65,1,Customer 73 reviewed product Baby Clothes with a rating of 2,
27,87,93,5,Customer 87 reviewed product Gym Bag with a rating of 1,
28,100,147,2,Customer 100 reviewed product Fitness Tracker with a rating of 1,
29,40,207,5,Customer 40 reviewed product Picnic Table with a rating of 5,
30,19,122,2,Customer 19 reviewed product Grill with a rating of 1,
31,106,67,3,Customer 106 reviewed product Dog Bed with a rating of 2,
32,58,176,5,Customer 58 reviewed product Dehumidifier with a rating of 1,
33,10,72,1,Customer 10 reviewed product Bird Cage with a rating of 2,
34,3,110,5,Customer 3 reviewed product Seeds Pack with a rating of 2,
35,7,321,4,Customer 7 reviewed product Pet Travel Litter Box with a rating of 4,
36,82,17,1,Customer 82 reviewed product Hair Dryer with a rating of 4,
37,133,43,3,Customer 133 reviewed product T-shirt with a rating of 5,
38,30,98,5,Customer 30 reviewed product Water Bottle with a rating of 5,
39,46,200,2,Customer 46 reviewed product Portable Dishwasher with a rating of 3,
40,135,105,1,Customer 135 reviewed product Kayak with a rating of 1,
41,13,18,4,Customer 13 reviewed product Face Mask with a rating of 2,
42,6,145,5,Customer 6 reviewed product Home Massage Chair with a rating of 3,
43,59,270,4,Customer 59 reviewed product Dog House with a rating of 2,
44,92,33,5,Customer 92 reviewed product Air Conditioner with a rating of 1,
45,9,123,3,Customer 9 reviewed product Deck Chair with a rating of 2,
46,105,299,5,Customer 105 reviewed product Small Animal Food with a rating of 1,
47,44,81,4,Customer 44 reviewed product Motherboard with a rating of 1,
48,62,192,5,Customer 62 reviewed product Sound Bar with a rating of 3,
49,1,302,5,Customer 1 reviewed product Dog Training Treats with a rating of 5,
50,43,65,3,Customer 43 reviewed product Baby Clothes with a rating of 2,
51,8,211,3,Customer 8 reviewed product Garden Trellis with a rating of 1,
52,82,72,2,Customer 82 reviewed product Bird Cage with a rating of 3,
53,72,306,3,Customer 72 reviewed product Pet Travel Carrier with a rating of 3,
54,39,142,2,Customer 39 reviewed product 4K Streaming Device with a rating of 5,
55,56,101,2,Customer 56 reviewed product Billiards Table with a rating of 1,
56,37,158,1,Customer 37 reviewed product Portable Blender with a rating of 4,
57,18,190,2,Customer 18 reviewed product Wireless Charging Pad with a rating of 4,
58,12,75,5,Customer 12 reviewed product Digital Photo Frame with a rating of 2,
59,101,126,3,Customer 101 reviewed product Hammock with a rating of 1,
60,103,154,1,Customer 103 reviewed product Sports Watch with a rating of 3,
61,3,199,2,Customer 3 reviewed product Electric Oven with a rating of 4,
62,30,265,1,Customer 30 reviewed product Pet Food Bowls with a rating of 5,
63,137,279,5,Customer 137 reviewed product Pet Shampoo with a rating of 5,
64,9,310,1,Customer 9 reviewed product Pet Bird Toys with a rating of 3,
65,61,230,2,Customer 61 reviewed product Outdoor Fire Pit with a rating of 4,
66,84,85,3,Customer 84 reviewed product Tennis Racket with a rating of 4,
67,128,116,1,Customer 128 reviewed product Bird Feeder with a rating of 1,
68,19,298,1,Customer 19 reviewed product Tropical Fish Food with a rating of 3,
69,21,204,4,Customer 21 reviewed product Pressure Washer with a rating of 3,
70,7,132,1,Customer 7 reviewed product Camping Hammock with a rating of 1,
71,12,314,3,Customer 12 reviewed product Pet Cooling Bed with a rating of 3,
72,68,119,4,Customer 68 reviewed product Garden Bench with a rating of 3,
73,133,44,4,Customer 133 reviewed product Jeans with a rating of 2,
74,3,91,3,Customer 3 reviewed product Skateboard with a rating of 4,
75,121,310,5,Customer 121 reviewed product Pet Bird Toys with a rating of 3,
76,9,213,1,Customer 9 reviewed product Garden Swing with a rating of 3,
77,77,204,4,Customer 77 reviewed product Pressure Washer with a rating of 2,
78,142,317,3,Customer 142 reviewed product Pet Toothpaste with a rating of 2,
79,46,221,1,Customer 46 reviewed product Weed Puller with a rating of 3,
80,3,118,5,Customer 3 reviewed product Patio Furniture Set with a rating of 5,
81,71,54,5,Customer 71 reviewed product Belt with a rating of 3,
82,68,109,3,Customer 68 reviewed product Garden Tools with a rating of 3,
83,1,188,4,Customer 1 reviewed product Emergency Lantern with a rating of 5,
84,53,311,5,Customer 53 reviewed product Pet Travel Bowl with a rating of 4,
85,104,124,2,Customer 104 reviewed product Outdoor Lighting with a rating of 4,
86,6,160,2,Customer 6 reviewed product Portable Steam Iron with a rating of 2,
87,4,12,4,Customer 4 reviewed product VR Headset with a rating of 5,
88,1,77,5,Customer 1 reviewed product Action Camera with a rating of 4,
89,16,34,3,Customer 16 reviewed product Electric Kettle with a rating of 5,
90,1,90,4,Customer 1 reviewed product Golf Clubs with a rating of 2,
91,17,118,3,Customer 17 reviewed product Patio Furniture Set with a rating of 2,
92,1,205,5,Customer 1 reviewed product Garden Tiller with a rating of 1,
93,1,86,4,Customer 1 reviewed product Surfboard with a rating of 1,
94,12,215,3,Customer 12 reviewed product Umbrella Stand with a rating of 5,
95,3,100,5,Customer 3 reviewed product Electric Skateboard with a rating of 3,
96,2,150,3,Customer 2 reviewed product Massage Gun with a rating of 3,
97,7,249,2,Customer 7 reviewed product Candles with a rating of 4,
98,10,302,2,Customer 10 reviewed product Dog Training Treats with a rating of 4,
99,12,44,2,Customer 12 reviewed product Jeans with a rating of 5,
100,6,85,3,Customer 6 reviewed product Tennis Racket with a rating of 5,
101,8,67,4,Customer 8 reviewed product Dog Bed with a rating of 2,
102,18,180,5,Customer 18 reviewed product Deep Fryer with a rating of 3,
103,6,102,2,Customer 6 reviewed product Foosball Table with a rating of 4,
104,3,194,2,Customer 3 reviewed product Home Gym Equipment with a rating of 2,
105,1,56,1,Customer 1 reviewed product Necklace with a rating of 4,
106,1,121,4,Customer 1 reviewed product Fire Pit with a rating of 1,
107,4,250,2,Customer 4 reviewed product Bookends with a rating of 3,
108,13,300,4,Customer 13 reviewed product Pet Playpen with a rating of 2,
109,5,182,3,Customer 5 reviewed product Wine Cooler with a rating of 3,
110,3,120,2,Customer 3 reviewed product Umbrella with a rating of 4,
111,5,44,1,Customer 5 reviewed product Jeans with a rating of 2,
112,20,248,1,Customer 20 reviewed product Wall Clock with a rating of 2,
113,9,160,1,Customer 9 reviewed product Portable Steam Iron with a rating of 3,
114,7,302,1,Customer 7 reviewed product Dog Training Treats with a rating of 4,
115,2,300,5,Customer 2 reviewed product Pet Playpen with a rating of 1,
116,16,17,3,Customer 16 reviewed product Hair Dryer with a rating of 1,
117,8,54,2,Customer 8 reviewed product Belt with a rating of 4,
118,1,299,1,Customer 1 reviewed product Small Animal Food with a rating of 3,
119,2,215,5,Customer 2 reviewed product Umbrella Stand with a rating of 4,
120,1,149,5,Customer 1 reviewed product First Aid Kit with a rating of 2,
121,5,80,3,Customer 5 reviewed product Graphics Card with a rating of 5,
122,3,35,4,Customer 3 reviewed product Dining Set with a rating of 4,
123,17,115,4,Customer 17 reviewed product Soil Bags with a rating of 2,
124,4,260,5,Customer 4 reviewed product Chalkboard with a rating of 3,
125,1,88,4,Customer 1 reviewed product Hiking Boots with a rating of 5,
126,15,223,2,Customer 15 reviewed product Rain Gauge with a rating of 4,
127,7,299,3,Customer 7 reviewed product Small Animal Food with a rating of 3,
128,13,197,5,Customer 13 reviewed product 4K TV with a rating of 4,
129,7,89,3,Customer 7 reviewed product Fishing Tackle with a rating of 5,
130,1,250,4,Customer 1 reviewed product Bookends with a rating of 5,
131,13,152,5,Customer 13 reviewed product Yoga Block with a rating of 5,
132,1,36,5,Customer 1 reviewed product Sofa with a rating of 3,
133,19,276,3,Customer 19 reviewed product Hamster Wheel with a rating of 2,
134,18,140,4,Customer 18 reviewed product Smart Plug with a rating of 2,
135,11,130,5,Customer 11 reviewed product Pool Float with a rating of 2,
136,10,305,3,Customer 10 reviewed product Fish Tank Plants with a rating of 4,
137,2,114,4,Customer 2 reviewed product Wheelbarrow with a rating of 5,
138,14,165,2,Customer 14 reviewed product Smart Thermos with a rating of 2,
139,21,62,2,Customer 21 reviewed product High Chair with a rating of 3,
140,1,98,5,Customer 1 reviewed product Water Bottle with a rating of 5,
141,6,148,3,Customer 6 reviewed product Blood Pressure Monitor with a rating of 2,
142,10,240,4,Customer 10 reviewed product Greenhouse Kit with a rating of 2,
143,4,43,1,Customer 4 reviewed product T-shirt with a rating of 4,
144,14,167,5,Customer 14 reviewed product Instant Pot with a rating of 3,
145,1,195,2,Customer 1 reviewed product Smart Doorbell with a rating of 3,
146,1,299,5,Customer 1 reviewed product Small Animal Food with a rating of 5,
147,22,113,5,Customer 22 reviewed product Rake with a rating of 5,
148,23,74,3,Customer 23 reviewed product Smart Speaker with a rating of 3,
149,20,200,2,Customer 20 reviewed product Portable Dishwasher with a rating of 4,
150,8,22,2,Customer 8 reviewed product Bicycle with a rating of 1,
151,1,192,3,Customer 1 reviewed product Sound Bar with a rating of 3,
152,3,281,2,Customer 3 reviewed product Reptile Tank with a rating of 1,
153,5,123,5,Customer 5 reviewed product Deck Chair with a rating of 2,
154,13,313,2,Customer 13 reviewed product Pet Carrier for Small Animals with a rating of 5,
155,8,99,2,Customer 8 reviewed product Portable Grill with a rating of 4,
156,4,201,2,Customer 4 reviewed product Smart Coffee Maker with a rating of 3,
157,12,80,4,Customer 12 reviewed product Graphics Card with a rating of 5,
158,20,163,1,Customer 20 reviewed product Slow Cooker with a rating of 5,
159,1,272,2,Customer 1 reviewed product Aquarium Decor with a rating of 1,
160,12,23,1,Customer 12 reviewed product Camping Tent with a rating of 5,
161,8,139,1,Customer 8 reviewed product Smart Thermostat with a rating of 4,
162,14,30,5,Customer 14 reviewed product Refrigerator with a rating of 2,
163,11,264,2,Customer 11 reviewed product Pet Toys with a rating of 2,
164,13,207,2,Customer 13 reviewed product Picnic Table with a rating of 2,
165,5,82,2,Customer 5 reviewed product Mobile Case with a rating of 1,
166,9,275,2,Customer 9 reviewed product Small Animal Cage with a rating of 5,
167,2,197,3,Customer 2 reviewed product 4K TV with a rating of 2,
168,18,119,2,Customer 18 reviewed product Garden Bench with a rating of 2,
169,5,45,4,Customer 5 reviewed product Jacket with a rating of 3,
170,8,167,5,Customer 8 reviewed product Instant Pot with a rating of 2,
171,10,99,3,Customer 10 reviewed product Portable Grill with a rating of 2,
172,7,202,5,Customer 7 reviewed product Electric Wok with a rating of 1,
173,21,146,4,Customer 21 reviewed product Digital Scale with a rating of 2,
174,1,310,1,Customer 1 reviewed product Pet Bird Toys with a rating of 3,
175,9,163,2,Customer 9 reviewed product Slow Cooker with a rating of 3,
176,17,200,3,Customer 17 reviewed product Portable Dishwasher with a rating of 3,
177,2,87,2,Customer 2 reviewed product Camping Gear with a rating of 5,
178,11,129,1,Customer 11 reviewed product Patio Heater with a rating of 1,
179,13,193,3,Customer 13 reviewed product Smart TV with a rating of 4,
180,6,40,3,Customer 6 reviewed product Coffee Table with a rating of 5,
181,15,277,2,Customer 15 reviewed product Pet Cooling Mat with a rating of 4,
182,3,53,1,Customer 3 reviewed product Sunglasses with a rating of 5,
183,4,12,4,Customer 4 reviewed product VR Headset with a rating of 1,
184,3,31,4,Customer 3 reviewed product Washing Machine with a rating of 1,
185,4,110,5,Customer 4 reviewed product Seeds Pack with a rating of 3,
186,23,89,1,Customer 23 reviewed product Fishing Tackle with a rating of 1,
187,14,95,4,Customer 14 reviewed product Kettlebell with a rating of 3,
188,1,91,5,Customer 1 reviewed product Skateboard with a rating of 1,
189,20,36,4,Customer 20 reviewed product Sofa with a rating of 5,
190,1,186,3,Customer 1 reviewed product LED Strip Lights with a rating of 1,
191,7,154,4,Customer 7 reviewed product Sports Watch with a rating of 2,
192,18,173,5,Customer 18 reviewed product Butter Churner with a rating of 4,
193,1,110,1,Customer 1 reviewed product Seeds Pack with a rating of 1,
194,10,292,1,Customer 10 reviewed product Pet Bed for Cats with a rating of 1,
195,1,50,4,Customer 1 reviewed product Sweater with a rating of 5,
196,16,303,4,Customer 16 reviewed product Pet Nail Clipper with a rating of 4,
197,6,270,2,Customer 6 reviewed product Dog House with a rating of 4,
198,11,117,2,Customer 11 reviewed product Composter with a rating of 5,
199,9,224,2,Customer 9 reviewed product Pest Control Spray with a rating of 1,
200,22,74,3,Customer 22 reviewed product Smart Speaker with a rating of 2,
201,21,101,4,Customer 21 reviewed product Billiards Table with a rating of 3,
202,21,55,3,Customer 21 reviewed product Handbag with a rating of 1,
203,21,305,1,Customer 21 reviewed product Fish Tank Plants with a rating of 3,
204,8,45,3,Customer 8 reviewed product Jacket with a rating of 5,
205,8,150,3,Customer 8 reviewed product Massage Gun with a rating of 5,
206,8,200,4,Customer 8 reviewed product Portable Dishwasher with a rating of 5,
207,1,98,1,Customer 1 reviewed product Water Bottle with a rating of 3,
208,1,65,5,Customer 1 reviewed product Baby Clothes with a rating of 4,
209,1,130,2,Customer 1 reviewed product Pool Float with a rating of 2,
210,9,78,3,Customer 9 reviewed product Gaming Mouse with a rating of 4,
211,9,101,3,Customer 9 reviewed product Billiards Table with a rating of 5,
212,9,23,1,Customer 9 reviewed product Camping Tent with a rating of 1,
213,10,17,5,Customer 10 reviewed product Hair Dryer with a rating of 1,
214,10,33,4,Customer 10 reviewed product Air Conditioner with a rating of 2,
215,11,201,4,Customer 11 reviewed product Smart Coffee Maker with a rating of 3,
216,11,175,2,Customer 11 reviewed product Air Purifier with a rating of 4,
217,11,56,3,Customer 11 reviewed product Necklace with a rating of 4,
218,12,89,1,Customer 12 reviewed product Fishing Tackle with a rating of 4,
219,12,102,5,Customer 12 reviewed product Foosball Table with a rating of 4,
220,12,234,4,Customer 12 reviewed product Weed Eater with a rating of 1,
221,1,150,5,Customer 1 reviewed product Massage Gun with a rating of 5,
222,1,78,3,Customer 1 reviewed product Gaming Mouse with a rating of 3,
223,1,66,3,Customer 1 reviewed product Pet Food with a rating of 4,
224,22,101,5,Customer 22 reviewed product Billiards Table with a rating of 3,
225,22,220,5,Customer 22 reviewed product Decorative Stones with a rating of 3,
226,2,167,5,Customer 2 reviewed product Instant Pot with a rating of 3,
227,2,110,4,Customer 2 reviewed product Seeds Pack with a rating of 2,
228,2,43,5,Customer 2 reviewed product T-shirt with a rating of 4,
229,6,150,1,Customer 6 reviewed product Massage Gun with a rating of 5,
230,6,220,2,Customer 6 reviewed product Decorative Stones with a rating of 5,
231,6,303,2,Customer 6 reviewed product Pet Nail Clipper with a rating of 3,
232,3,33,2,Customer 3 reviewed product Air Conditioner with a rating of 4,
233,3,78,3,Customer 3 reviewed product Gaming Mouse with a rating of 5,
234,13,201,1,Customer 13 reviewed product Smart Coffee Maker with a rating of 1,
235,13,56,1,Customer 13 reviewed product Necklace with a rating of 2,
236,13,87,5,Customer 13 reviewed product Camping Gear with a rating of 5,
237,14,201,5,Customer 14 reviewed product Smart Coffee Maker with a rating of 5,
238,14,28,5,Customer 14 reviewed product Blender with a rating of 3,
239,14,120,1,Customer 14 reviewed product Umbrella with a rating of 3,
240,7,110,3,Customer 7 reviewed product Seeds Pack with a rating of 1,
241,7,201,4,Customer 7 reviewed product Smart Coffee Maker with a rating of 1,
242,7,33,3,Customer 7 reviewed product Air Conditioner with a rating of 4,
243,15,210,2,Customer 15 reviewed product Metal Garden Edging with a rating of 1,
244,15,150,1,Customer 15 reviewed product Massage Gun with a rating of 1,
245,16,303,1,Customer 16 reviewed product Pet Nail Clipper with a rating of 2,
246,16,100,3,Customer 16 reviewed product Electric Skateboard with a rating of 3,
247,16,40,3,Customer 16 reviewed product Coffee Table with a rating of 2,
248,1,111,4,Customer 1 reviewed product Fertilizer with a rating of 3,
249,1,190,5,Customer 1 reviewed product Wireless Charging Pad with a rating of 3,
250,17,190,1,Customer 17 reviewed product Wireless Charging Pad with a rating of 5,
251,17,67,5,Customer 17 reviewed product Dog Bed with a rating of 3,
252,4,210,2,Customer 4 reviewed product Metal Garden Edging with a rating of 1,
253,4,103,5,Customer 4 reviewed product Dart Board with a rating of 1,
254,4,78,2,Customer 4 reviewed product Gaming Mouse with a rating of 2,
255,18,205,5,Customer 18 reviewed product Garden Tiller with a rating of 5,
256,18,101,1,Customer 18 reviewed product Billiards Table with a rating of 5,
257,18,205,4,Customer 18 reviewed product Garden Tiller with a rating of 2,
258,19,99,5,Customer 19 reviewed product Portable Grill with a rating of 1,
259,19,212,1,Customer 19 reviewed product Garden Fountain with a rating of 1,
260,19,303,4,Customer 19 reviewed product Pet Nail Clipper with a rating of 4,
261,20,65,5,Customer 20 reviewed product Baby Clothes with a rating of 3,
262,20,201,4,Customer 20 reviewed product Smart Coffee Maker with a rating of 3,
263,20,100,4,Customer 20 reviewed product Electric Skateboard with a rating of 4,
264,1,90,3,Customer 1 reviewed product Golf Clubs with a rating of 4,
265,1,67,4,Customer 1 reviewed product Dog Bed with a rating of 2,
266,1,40,1,Customer 1 reviewed product Coffee Table with a rating of 2,
267,21,150,3,Customer 21 reviewed product Massage Gun with a rating of 2,
268,21,202,3,Customer 21 reviewed product Electric Wok with a rating of 1,
269,21,190,2,Customer 21 reviewed product Wireless Charging Pad with a rating of 1,
270,2,303,1,Customer 2 reviewed product Pet Nail Clipper with a rating of 2,
271,2,201,5,Customer 2 reviewed product Smart Coffee Maker with a rating of 5,
272,2,99,1,Customer 2 reviewed product Portable Grill with a rating of 2,
273,6,150,5,Customer 6 reviewed product Massage Gun with a rating of 2,
274,6,90,2,Customer 6 reviewed product Golf Clubs with a rating of 1,
275,6,120,1,Customer 6 reviewed product Umbrella with a rating of 5,
276,7,200,5,Customer 7 reviewed product Portable Dishwasher with a rating of 2,
277,7,45,2,Customer 7 reviewed product Jacket with a rating of 4,
278,7,99,1,Customer 7 reviewed product Portable Grill with a rating of 4,
279,1,101,4,Customer 1 reviewed product Billiards Table with a rating of 3,
280,1,88,1,Customer 1 reviewed product Hiking Boots with a rating of 4,
281,1,40,1,Customer 1 reviewed product Coffee Table with a rating of 2,
282,22,250,3,Customer 22 reviewed product Bookends with a rating of 5,
283,22,80,5,Customer 22 reviewed product Graphics Card with a rating of 1,
284,22,67,1,Customer 22 reviewed product Dog Bed with a rating of 1,
285,8,110,5,Customer 8 reviewed product Seeds Pack with a rating of 5,
286,8,98,5,Customer 8 reviewed product Water Bottle with a rating of 3,
287,8,45,4,Customer 8 reviewed product Jacket with a rating of 1,
288,9,100,5,Customer 9 reviewed product Electric Skateboard with a rating of 5,
289,9,200,5,Customer 9 reviewed product Portable Dishwasher with a rating of 3,
290,9,150,2,Customer 9 reviewed product Massage Gun with a rating of 1,
291,10,190,1,Customer 10 reviewed product Wireless Charging Pad with a rating of 1,
292,10,250,3,Customer 10 reviewed product Bookends with a rating of 2,
293,10,150,3,Customer 10 reviewed product Massage Gun with a rating of 4,
294,11,130,2,Customer 11 reviewed product Pool Float with a rating of 5,
295,11,101,3,Customer 11 reviewed product Billiards Table with a rating of 4,
296,11,303,5,Customer 11 reviewed product Pet Nail Clipper with a rating of 3,
297,12,67,3,Customer 12 reviewed product Dog Bed with a rating of 3,
298,12,22,4,Customer 12 reviewed product Bicycle with a rating of 3,
299,12,150,1,Customer 12 reviewed product Massage Gun with a rating of 4,
300,1,56,5,Customer 1 reviewed product Necklace with a rating of 2,
301,1,88,3,Customer 1 reviewed product Hiking Boots with a rating of 3,
302,1,201,4,Customer 1 reviewed product Smart Coffee Maker with a rating of 3,
303,2,90,4,Customer 2 reviewed product Golf Clubs with a rating of 3,
304,2,202,3,Customer 2 reviewed product Electric Wok with a rating of 4,
305,2,99,2,Customer 2 reviewed product Portable Grill with a rating of 5,
306,30,303,4,Customer 30 reviewed product Pet Nail Clipper with a rating of 3,
307,30,120,3,Customer 30 reviewed product Umbrella with a rating of 3,
308,30,150,5,Customer 30 reviewed product Massage Gun with a rating of 5,
309,31,210,2,Customer 31 reviewed product Metal Garden Edging with a rating of 2,
310,31,101,1,Customer 31 reviewed product Billiards Table with a rating of 1,
311,31,50,3,Customer 31 reviewed product Sweater with a rating of 5,
312,32,89,3,Customer 32 reviewed product Fishing Tackle with a rating of 1,
313,32,67,4,Customer 32 reviewed product Dog Bed with a rating of 5,
314,32,150,4,Customer 32 reviewed product Massage Gun with a rating of 5,
315,33,45,2,Customer 33 reviewed product Jacket with a rating of 2,
316,33,200,4,Customer 33 reviewed product Portable Dishwasher with a rating of 1,
317,33,88,4,Customer 33 reviewed product Hiking Boots with a rating of 5,
318,34,210,5,Customer 34 reviewed product Metal Garden Edging with a rating of 5,
319,34,130,1,Customer 34 reviewed product Pool Float with a rating of 3,
320,34,150,1,Customer 34 reviewed product Massage Gun with a rating of 3,
321,35,65,4,Customer 35 reviewed product Baby Clothes with a rating of 2,
322,35,101,2,Customer 35 reviewed product Billiards Table with a rating of 5,
323,35,40,3,Customer 35 reviewed product Coffee Table with a rating of 2,
324,36,200,2,Customer 36 reviewed product Portable Dishwasher with a rating of 3,
325,36,98,3,Customer 36 reviewed product Water Bottle with a rating of 5,
326,36,201,5,Customer 36 reviewed product Smart Coffee Maker with a rating of 5,
327,37,130,1,Customer 37 reviewed product Pool Float with a rating of 4,
328,37,202,3,Customer 37 reviewed product Electric Wok with a rating of 4,
329,37,150,3,Customer 37 reviewed product Massage Gun with a rating of 3,
330,38,303,4,Customer 38 reviewed product Pet Nail Clipper with a rating of 3,
331,38,78,4,Customer 38 reviewed product Gaming Mouse with a rating of 3,
332,38,201,3,Customer 38 reviewed product Smart Coffee Maker with a rating of 2,
333,39,67,5,Customer 39 reviewed product Dog Bed with a rating of 1,
334,39,22,1,Customer 39 reviewed product Bicycle with a rating of 2,
335,39,150,4,Customer 39 reviewed product Massage Gun with a rating of 2,
336,40,56,5,Customer 40 reviewed product Necklace with a rating of 1,
337,40,98,5,Customer 40 reviewed product Water Bottle with a rating of 4,
338,40,201,5,Customer 40 reviewed product Smart Coffee Maker with a rating of 4,
339,41,90,1,Customer 41 reviewed product Golf Clubs with a rating of 1,
340,41,67,2,Customer 41 reviewed product Dog Bed with a rating of 5,
341,41,150,2,Customer 41 reviewed product Massage Gun with a rating of 4,
342,42,130,2,Customer 42 reviewed product Pool Float with a rating of 1,
343,42,201,2,Customer 42 reviewed product Smart Coffee Maker with a rating of 2,
344,42,22,2,Customer 42 reviewed product Bicycle with a rating of 2,
345,43,200,3,Customer 43 reviewed product Portable Dishwasher with a rating of 5,
346,43,99,2,Customer 43 reviewed product Portable Grill with a rating of 4,
347,43,88,4,Customer 43 reviewed product Hiking Boots with a rating of 2,
348,44,303,3,Customer 44 reviewed product Pet Nail Clipper with a rating of 5,
349,44,150,4,Customer 44 reviewed product Massage Gun with a rating of 2,
350,44,202,4,Customer 44 reviewed product Electric Wok with a rating of 3,
351,30,67,4,Customer 30 reviewed product Dog Bed with a rating of 5,
352,30,78,5,Customer 30 reviewed product Gaming Mouse with a rating of 5,
353,30,201,5,Customer 30 reviewed product Smart Coffee Maker with a rating of 5,
354,31,101,2,Customer 31 reviewed product Billiards Table with a rating of 1,
355,31,22,3,Customer 31 reviewed product Bicycle with a rating of 2,
356,31,130,4,Customer 31 reviewed product Pool Float with a rating of 2,
357,32,202,3,Customer 32 reviewed product Electric Wok with a rating of 1,
358,32,150,2,Customer 32 reviewed product Massage Gun with a rating of 4,
359,32,303,3,Customer 32 reviewed product Pet Nail Clipper with a rating of 4,
360,33,88,2,Customer 33 reviewed product Hiking Boots with a rating of 4,
361,33,45,1,Customer 33 reviewed product Jacket with a rating of 2,
362,33,67,2,Customer 33 reviewed product Dog Bed with a rating of 2,
363,34,130,3,Customer 34 reviewed product Pool Float with a rating of 5,
364,34,150,1,Customer 34 reviewed product Massage Gun with a rating of 1,
365,34,99,1,Customer 34 reviewed product Portable Grill with a rating of 5,
366,35,201,3,Customer 35 reviewed product Smart Coffee Maker with a rating of 2,
367,35,56,5,Customer 35 reviewed product Necklace with a rating of 3,
368,35,22,3,Customer 35 reviewed product Bicycle with a rating of 2,
369,36,130,2,Customer 36 reviewed product Pool Float with a rating of 5,
370,36,88,1,Customer 36 reviewed product Hiking Boots with a rating of 4,
371,36,150,2,Customer 36 reviewed product Massage Gun with a rating of 5,
372,37,99,3,Customer 37 reviewed product Portable Grill with a rating of 3,
373,37,210,5,Customer 37 reviewed product Metal Garden Edging with a rating of 5,
374,37,67,1,Customer 37 reviewed product Dog Bed with a rating of 3,
375,38,201,4,Customer 38 reviewed product Smart Coffee Maker with a rating of 1,
376,38,130,4,Customer 38 reviewed product Pool Float with a rating of 4,
377,38,88,5,Customer 38 reviewed product Hiking Boots with a rating of 2,
378,39,202,4,Customer 39 reviewed product Electric Wok with a rating of 1,
379,39,99,4,Customer 39 reviewed product Portable Grill with a rating of 1,
380,39,22,1,Customer 39 reviewed product Bicycle with a rating of 2,
381,40,67,2,Customer 40 reviewed product Dog Bed with a rating of 2,
382,47,22,2,Customer 47 reviewed product Bicycle with a rating of 5,
383,47,101,1,Customer 47 reviewed product Billiards Table with a rating of 5,
384,48,150,2,Customer 48 reviewed product Massage Gun with a rating of 3,
385,49,202,3,Customer 49 reviewed product Electric Wok with a rating of 4,
386,50,130,1,Customer 50 reviewed product Pool Float with a rating of 3,
387,51,67,5,Customer 51 reviewed product Dog Bed with a rating of 5,
388,51,150,2,Customer 51 reviewed product Massage Gun with a rating of 5,
389,52,88,1,Customer 52 reviewed product Hiking Boots with a rating of 2,
390,53,90,3,Customer 53 reviewed product Golf Clubs with a rating of 2,
391,53,303,2,Customer 53 reviewed product Pet Nail Clipper with a rating of 5,
392,54,22,5,Customer 54 reviewed product Bicycle with a rating of 2,
393,55,130,3,Customer 55 reviewed product Pool Float with a rating of 1,
394,55,201,1,Customer 55 reviewed product Smart Coffee Maker with a rating of 3,
395,56,67,1,Customer 56 reviewed product Dog Bed with a rating of 1,
396,57,130,2,Customer 57 reviewed product Pool Float with a rating of 2,
397,58,150,4,Customer 58 reviewed product Massage Gun with a rating of 5,
398,59,303,1,Customer 59 reviewed product Pet Nail Clipper with a rating of 3,
399,60,88,3,Customer 60 reviewed product Hiking Boots with a rating of 2,
400,61,90,5,Customer 61 reviewed product Golf Clubs with a rating of 1,
401,62,202,2,Customer 62 reviewed product Electric Wok with a rating of 1,
402,63,130,4,Customer 63 reviewed product Pool Float with a rating of 1,
403,63,101,4,Customer 63 reviewed product Billiards Table with a rating of 2,
404,64,22,5,Customer 64 reviewed product Bicycle with a rating of 2,
405,65,150,1,Customer 65 reviewed product Massage Gun with a rating of 1,
406,66,67,2,Customer 66 reviewed product Dog Bed with a rating of 1,
407,67,303,1,Customer 67 reviewed product Pet Nail Clipper with a rating of 5,
408,68,88,3,Customer 68 reviewed product Hiking Boots with a rating of 5,
409,68,90,5,Customer 68 reviewed product Golf Clubs with a rating of 2,
410,69,22,1,Customer 69 reviewed product Bicycle with a rating of 4,
411,70,130,5,Customer 70 reviewed product Pool Float with a rating of 1,
412,71,201,2,Customer 71 reviewed product Smart Coffee Maker with a rating of 2,
413,72,150,4,Customer 72 reviewed product Massage Gun with a rating of 5,
414,73,303,1,Customer 73 reviewed product Pet Nail Clipper with a rating of 2,
415,74,88,1,Customer 74 reviewed product Hiking Boots with a rating of 1,
416,75,90,2,Customer 75 reviewed product Golf Clubs with a rating of 4,
417,76,22,1,Customer 76 reviewed product Bicycle with a rating of 5,
418,77,130,3,Customer 77 reviewed product Pool Float with a rating of 1,
419,78,150,4,Customer 78 reviewed product Massage Gun with a rating of 3,
420,79,88,4,Customer 79 reviewed product Hiking Boots with a rating of 3,
421,80,90,4,Customer 80 reviewed product Golf Clubs with a rating of 3,
422,30,202,1,Customer 30 reviewed product Electric Wok with a rating of 4,
423,31,130,5,Customer 31 reviewed product Pool Float with a rating of 2,
424,32,303,3,Customer 32 reviewed product Pet Nail Clipper with a rating of 3,
425,33,150,2,Customer 33 reviewed product Massage Gun with a rating of 4,
426,34,67,5,Customer 34 reviewed product Dog Bed with a rating of 5,
427,35,130,4,Customer 35 reviewed product Pool Float with a rating of 3,
428,36,88,2,Customer 36 reviewed product Hiking Boots with a rating of 4,
429,37,90,1,Customer 37 reviewed product Golf Clubs with a rating of 3,
430,38,22,5,Customer 38 reviewed product Bicycle with a rating of 1,
431,39,130,4,Customer 39 reviewed product Pool Float with a rating of 4,
432,40,150,4,Customer 40 reviewed product Massage Gun with a rating of 5,
433,41,201,5,Customer 41 reviewed product Smart Coffee Maker with a rating of 1,
434,42,303,3,Customer 42 reviewed product Pet Nail Clipper with a rating of 2,
435,43,88,5,Customer 43 reviewed product Hiking Boots with a rating of 4,
436,44,90,4,Customer 44 reviewed product Golf Clubs with a rating of 1,
437,45,130,5,Customer 45 reviewed product Pool Float with a rating of 5,
438,46,150,4,Customer 46 reviewed product Massage Gun with a rating of 1,
439,47,22,2,Customer 47 reviewed product Bicycle with a rating of 2,
440,48,88,4,Customer 48 reviewed product Hiking Boots with a rating of 4,
441,49,90,2,Customer 49 reviewed product Golf Clubs with a rating of 5,
442,50,130,4,Customer 50 reviewed product Pool Float with a rating of 3,
443,51,202,1,Customer 51 reviewed product Electric Wok with a rating of 2,
444,52,303,2,Customer 52 reviewed product Pet Nail Clipper with a rating of 5,
445,53,150,4,Customer 53 reviewed product Massage Gun with a rating of 2,
446,54,130,5,Customer 54 reviewed product Pool Float with a rating of 1,
447,55,88,2,Customer 55 reviewed product Hiking Boots with a rating of 5,
448,56,90,3,Customer 56 reviewed product Golf Clubs with a rating of 2,
449,57,67,1,Customer 57 reviewed product Dog Bed with a rating of 4,
450,58,22,1,Customer 58 reviewed product Bicycle with a rating of 2,
451,59,130,3,Customer 59 reviewed product Pool Float with a rating of 1,
452,60,88,3,Customer 60 reviewed product Hiking Boots with a rating of 3,
453,61,90,2,Customer 61 reviewed product Golf Clubs with a rating of 5,
454,62,130,3,Customer 62 reviewed product Pool Float with a rating of 4,
455,63,150,5,Customer 63 reviewed product Massage Gun with a rating of 2,
456,64,67,5,Customer 64 reviewed product Dog Bed with a rating of 1,
457,65,88,2,Customer 65 reviewed product Hiking Boots with a rating of 1,
458,66,22,5,Customer 66 reviewed product Bicycle with a rating of 5,
459,67,303,4,Customer 67 reviewed product Pet Nail Clipper with a rating of 1,
460,68,90,3,Customer 68 reviewed product Golf Clubs with a rating of 5,
461,69,130,2,Customer 69 reviewed product Pool Float with a rating of 2,
462,70,150,5,Customer 70 reviewed product Massage Gun with a rating of 3,
463,71,201,5,Customer 71 reviewed product Smart Coffee Maker with a rating of 1,
464,72,88,5,Customer 72 reviewed product Hiking Boots with a rating of 4,
465,73,90,4,Customer 73 reviewed product Golf Clubs with a rating of 1,
466,74,22,2,Customer 74 reviewed product Bicycle with a rating of 4,
467,75,303,2,Customer 75 reviewed product Pet Nail Clipper with a rating of 5,
468,76,130,1,Customer 76 reviewed product Pool Float with a rating of 4,
469,77,150,5,Customer 77 reviewed product Massage Gun with a rating of 5,
470,78,88,1,Customer 78 reviewed product Hiking Boots with a rating of 5,
471,79,90,5,Customer 79 reviewed product Golf Clubs with a rating of 2,
472,80,130,1,Customer 80 reviewed product Pool Float with a rating of 3,
473,81,202,4,Customer 81 reviewed product Electric Wok with a rating of 1,
474,82,303,1,Customer 82 reviewed product Pet Nail Clipper with a rating of 4,
475,83,67,1,Customer 83 reviewed product Dog Bed with a rating of 5,
476,84,88,1,Customer 84 reviewed product Hiking Boots with a rating of 5,
477,85,130,2,Customer 85 reviewed product Pool Float with a rating of 3,
478,86,150,5,Customer 86 reviewed product Massage Gun with a rating of 1,
479,87,202,2,Customer 87 reviewed product Electric Wok with a rating of 3,
480,88,88,4,Customer 88 reviewed product Hiking Boots with a rating of 2,
481,89,90,1,Customer 89 reviewed product Golf Clubs with a rating of 4,
482,90,22,2,Customer 90 reviewed product Bicycle with a rating of 1,
483,91,303,2,Customer 91 reviewed product Pet Nail Clipper with a rating of 5,
484,92,130,4,Customer 92 reviewed product Pool Float with a rating of 1,
485,93,67,2,Customer 93 reviewed product Dog Bed with a rating of 3,
486,94,150,5,Customer 94 reviewed product Massage Gun with a rating of 2,
487,95,88,3,Customer 95 reviewed product Hiking Boots with a rating of 5,
488,96,90,4,Customer 96 reviewed product Golf Clubs with a rating of 3,
489,97,130,2,Customer 97 reviewed product Pool Float with a rating of 4,
490,98,202,5,Customer 98 reviewed product Electric Wok with a rating of 1,
491,99,303,2,Customer 99 reviewed product Pet Nail Clipper with a rating of 4,
492,100,67,1,Customer 100 reviewed product Dog Bed with a rating of 5,
493,101,88,4,Customer 101 reviewed product Hiking Boots with a rating of 2,
494,102,90,5,Customer 102 reviewed product Golf Clubs with a rating of 3,
495,103,22,5,Customer 103 reviewed product Bicycle with a rating of 4,
496,104,130,4,Customer 104 reviewed product Pool Float with a rating of 2,
497,105,150,2,Customer 105 reviewed product Massage Gun with a rating of 1,
498,106,202,5,Customer 106 reviewed product Electric Wok with a rating of 1,
499,107,88,5,Customer 107 reviewed product Hiking Boots with a rating of 3,
500,108,90,1,Customer 108 reviewed product Golf Clubs with a rating of 5,
501,109,130,1,Customer 109 reviewed product Pool Float with a rating of 4,
502,110,303,1,Customer 110 reviewed product Pet Nail Clipper with a rating of 1,
503,111,22,3,Customer 111 reviewed product Bicycle with a rating of 5,
504,112,67,4,Customer 112 reviewed product Dog Bed with a rating of 3,
505,113,88,4,Customer 113 reviewed product Hiking Boots with a rating of 2,
506,114,90,1,Customer 114 reviewed product Golf Clubs with a rating of 1,
507,115,130,4,Customer 115 reviewed product Pool Float with a rating of 1,
508,116,150,3,Customer 116 reviewed product Massage Gun with a rating of 5,
509,117,202,3,Customer 117 reviewed product Electric Wok with a rating of 5,
510,118,22,5,Customer 118 reviewed product Bicycle with a rating of 2,
511,119,303,2,Customer 119 reviewed product Pet Nail Clipper with a rating of 5,
512,120,67,3,Customer 120 reviewed product Dog Bed with a rating of 2,
513,121,88,4,Customer 121 reviewed product Hiking Boots with a rating of 5,
514,122,90,1,Customer 122 reviewed product Golf Clubs with a rating of 3,
515,123,130,1,Customer 123 reviewed product Pool Float with a rating of 5,
516,124,150,5,Customer 124 reviewed product Massage Gun with a rating of 4,
517,125,202,3,Customer 125 reviewed product Electric Wok with a rating of 5,
518,126,303,1,Customer 126 reviewed product Pet Nail Clipper with a rating of 1,
519,127,22,2,Customer 127 reviewed product Bicycle with a rating of 3,
520,128,67,5,Customer 128 reviewed product Dog Bed with a rating of 3,
521,129,88,2,Customer 129 reviewed product Hiking Boots with a rating of 3,
522,130,90,3,Customer 130 reviewed product Golf Clubs with a rating of 2,
523,131,130,5,Customer 131 reviewed product Pool Float with a rating of 2,
524,132,150,4,Customer 132 reviewed product Massage Gun with a rating of 4,
525,133,202,2,Customer 133 reviewed product Electric Wok with a rating of 5,
526,134,303,2,Customer 134 reviewed product Pet Nail Clipper with a rating of 3,
527,135,67,3,Customer 135 reviewed product Dog Bed with a rating of 3,
528,136,88,5,Customer 136 reviewed product Hiking Boots with a rating of 2,
529,137,90,1,Customer 137 reviewed product Golf Clubs with a rating of 3,
530,138,130,5,Customer 138 reviewed product Pool Float with a rating of 3,
531,139,150,4,Customer 139 reviewed product Massage Gun with a rating of 4,
532,140,202,2,Customer 140 reviewed product Electric Wok with a rating of 1,
533,141,303,3,Customer 141 reviewed product Pet Nail Clipper with a rating of 4,
534,142,22,1,Customer 142 reviewed product Bicycle with a rating of 5,
535,143,67,4,Customer 143 reviewed product Dog Bed with a rating of 3,
536,81,88,1,Customer 81 reviewed product Hiking Boots with a rating of 4,
537,82,90,4,Customer 82 reviewed product Golf Clubs with a rating of 5,
538,83,130,2,Customer 83 reviewed product Pool Float with a rating of 4,
539,84,150,3,Customer 84 reviewed product Massage Gun with a rating of 3,
540,85,202,3,Customer 85 reviewed product Electric Wok with a rating of 5,
541,86,303,1,Customer 86 reviewed product Pet Nail Clipper with a rating of 2,
542,87,22,5,Customer 87 reviewed product Bicycle with a rating of 4,
543,88,67,1,Customer 88 reviewed product Dog Bed with a rating of 3,
544,89,88,3,Customer 89 reviewed product Hiking Boots with a rating of 5,
545,90,90,4,Customer 90 reviewed product Golf Clubs with a rating of 1,
546,91,130,5,Customer 91 reviewed product Pool Float with a rating of 4,
547,92,150,3,Customer 92 reviewed product Massage Gun with a rating of 4,
548,93,202,2,Customer 93 reviewed product Electric Wok with a rating of 3,
549,94,303,3,Customer 94 reviewed product Pet Nail Clipper with a rating of 4,
550,95,22,3,Customer 95 reviewed product Bicycle with a rating of 3,
551,96,67,3,Customer 96 reviewed product Dog Bed with a rating of 4,
552,97,88,1,Customer 97 reviewed product Hiking Boots with a rating of 1,
553,98,90,2,Customer 98 reviewed product Golf Clubs with a rating of 5,
554,99,130,3,Customer 99 reviewed product Pool Float with a rating of 5,
555,100,150,3,Customer 100 reviewed product Massage Gun with a rating of 2,
556,101,202,4,Customer 101 reviewed product Electric Wok with a rating of 4,
557,102,303,1,Customer 102 reviewed product Pet Nail Clipper with a rating of 2,
558,103,22,1,Customer 103 reviewed product Bicycle with a rating of 2,
559,104,67,3,Customer 104 reviewed product Dog Bed with a rating of 1,
560,105,88,3,Customer 105 reviewed product Hiking Boots with a rating of 5,
561,106,90,5,Customer 106 reviewed product Golf Clubs with a rating of 4,
562,107,130,3,Customer 107 reviewed product Pool Float with a rating of 1,
563,108,150,4,Customer 108 reviewed product Massage Gun with a rating of 1,
564,109,202,3,Customer 109 reviewed product Electric Wok with a rating of 3,
565,110,303,2,Customer 110 reviewed product Pet Nail Clipper with a rating of 3,
